timestamp,rmssd,coverage,low_frequency,high_frequency
2025-02-28T01:20:00,39.187,0.936,320.604,456.154
2025-02-28T01:25:00,41.167,0.991,333.516,570.616
2025-02-28T01:30:00,38.359,1.003,267.913,452.389
2025-02-28T01:35:00,33.883,1.004,168.76,401.391
2025-02-28T01:40:00,32.909,1,131.393,334.858
2025-02-28T01:45:00,34.787,0.996,184.697,351.475
2025-02-28T01:50:00,38.115,1.002,194.135,463.766
2025-02-28T01:55:00,32.9,1.003,166.22,335.516
2025-02-28T02:00:00,32.379,1.003,312.953,344.209
2025-02-28T02:05:00,35.723,1.001,250.762,359.379
2025-02-28T02:10:00,33.785,1.005,403.189,367.875
2025-02-28T02:15:00,34.622,1.001,341.359,350.55
2025-02-28T02:20:00,32.385,0.935,997.938,258.214
2025-02-28T02:25:00,30.254,1.003,227.579,240.375
2025-02-28T02:30:00,31.059,1.002,248.399,245.165
2025-02-28T02:35:00,29.53,0.939,377.725,251.195
2025-02-28T02:40:00,27.232,1.004,281.635,225.27
2025-02-28T02:45:00,28.282,1.003,321.17,220.149
2025-02-28T02:50:00,35.425,0.826,1184.275,289.248
2025-02-28T02:55:00,39.213,0.941,612.565,275.572
2025-02-28T03:05:00,36.199,0.883,1491.996,320.483
2025-02-28T03:10:00,45.651,0.987,1186.976,582.216
2025-02-28T03:15:00,52.055,1.002,256.274,953.421
2025-02-28T03:20:00,55.076,0.994,276.24,1026.653
2025-02-28T03:25:00,54.361,1,324.967,985.163
2025-02-28T03:30:00,65.453,0.866,2008.108,857.396
2025-02-28T03:35:00,43.578,1.002,442.119,446.146
2025-02-28T03:40:00,50.645,1.002,313.7,686.642
2025-02-28T03:45:00,52.572,1.003,933.827,705.937
2025-02-28T03:50:00,51.674,1.003,480.499,673.068
2025-02-28T03:55:00,48.348,0.932,513.768,621.102
2025-02-28T04:00:00,45.921,0.988,359.341,429.66
2025-02-28T04:05:00,54.711,1.002,1002.372,834.691
2025-02-28T04:10:00,55.454,0.99,439.148,786.347
2025-02-28T04:15:00,59.129,1.003,1445.136,1001.269
2025-02-28T04:20:00,52.914,1.003,1035.102,825.326
2025-02-28T04:25:00,41.754,0.981,878.76,348.186
2025-02-28T04:30:00,32.763,0.907,1379.321,272.652
2025-02-28T04:35:00,27.467,0.908,1162.797,127.676
2025-02-28T04:40:00,30.017,0.849,1336.059,197.225
2025-02-28T04:45:00,47.854,0.899,2324.612,391.95
2025-02-28T04:50:00,38.394,0.816,467.375,154.99
2025-02-28T04:55:00,60.861,0.706,1949.65,630.553
2025-02-28T05:00:00,56.524,0.937,2940.734,954.462
2025-02-28T05:05:00,57.932,0.78,1941.159,887.5
2025-02-28T05:10:00,63.199,0.866,2827.526,552.211
2025-02-28T05:20:00,41.819,0.827,2842.552,491.834
2025-02-28T05:30:00,49.596,0.989,1153.118,738.438
2025-02-28T05:35:00,54.574,1.005,1610.007,778.396
2025-02-28T05:40:00,54.472,0.883,1372.639,742.502
2025-02-28T05:45:00,62.664,0.989,1276.432,1249.31
2025-02-28T05:50:00,46.345,0.979,389.2,606.662
2025-02-28T05:55:00,42.783,1.002,388.675,486.839
2025-02-28T06:00:00,37.205,1.003,514.148,299.52
2025-02-28T06:05:00,41.155,0.997,369.094,474.767
2025-02-28T06:10:00,34.397,0.988,502.28,273.764
2025-02-28T06:15:00,42.274,0.954,601.043,481.43
2025-02-28T06:20:00,36.356,1,399.329,355.299
2025-02-28T06:25:00,34.406,1.004,427.168,348.387
2025-02-28T06:30:00,34.44,1.003,540.817,341.456
2025-02-28T06:35:00,32.42,0.988,355.77,268.075
2025-02-28T06:40:00,43.922,0.713,1775.726,354.179
2025-02-28T06:45:00,43.311,1.004,907.425,447.213
2025-02-28T06:50:00,37.3,0.989,1062.379,346.602
2025-02-28T06:55:00,40.798,0.841,1668.838,328.998
2025-02-28T07:00:00,34.64,0.944,444.418,240.414
2025-02-28T07:05:00,47.583,0.761,1390.488,431.055
2025-02-28T07:15:00,37.76,0.984,652.629,265.547
2025-02-28T07:20:00,52.251,0.769,2169.187,250.777
2025-02-28T07:25:00,75.054,0.759,3955.804,1806.416
2025-03-01T00:00:00,23.626,0.85,292.799,96.202
2025-03-01T00:05:00,26.206,0.931,307.135,234.369
2025-03-01T00:10:00,21.312,0.989,264.119,149.922
2025-03-01T00:15:00,20.913,1.004,299.364,129.307
2025-03-01T00:20:00,22.848,0.995,245.844,173.891
2025-03-01T00:25:00,22.553,1.002,216.783,184.334
2025-03-01T00:30:00,25.642,0.916,1038.857,126.857
2025-03-01T00:35:00,25.009,1.001,144.155,222.785
2025-03-01T00:40:00,26.344,0.997,706.037,259.203
2025-03-01T00:45:00,27.715,1.004,187.373,215.848
2025-03-01T00:50:00,34.347,1.002,286.553,363.788
2025-03-01T00:55:00,29.89,0.994,128.304,259.958
2025-03-01T01:00:00,33.421,0.982,380.488,278.822
2025-03-01T01:05:00,24.925,1.002,460.879,142.656
2025-03-01T01:10:00,18.718,1.001,443.301,86.447
2025-03-01T01:15:00,19.851,1.005,645.313,88.092
2025-03-01T01:20:00,26.002,0.981,1231.882,219.312
2025-03-01T01:25:00,27.322,0.997,677.675,215.628
2025-03-01T01:30:00,36.559,0.941,844.52,507.252
2025-03-01T01:35:00,30.491,1.002,160.847,335.102
2025-03-01T01:40:00,29.888,1.002,345.053,284.258
2025-03-01T01:45:00,32.489,1.003,361.106,350.408
2025-03-01T01:50:00,36.902,1.004,2214.382,775.335
2025-03-01T01:55:00,36.83,1.001,352.622,395.617
2025-03-01T02:00:00,37.881,1.003,181.698,381.602
2025-03-01T02:05:00,35.346,1.001,279.593,322.329
2025-03-01T02:10:00,32.389,1.003,230.027,303.486
2025-03-01T02:15:00,37.342,1.003,1094.712,332.908
2025-03-01T02:20:00,41.009,1.003,530.781,429.174
2025-03-01T02:25:00,60.619,0.932,3933.182,707.961
2025-03-01T02:30:00,68.068,1.005,2568.374,1074.146
2025-03-01T02:35:00,58.672,0.996,1159.881,780.767
2025-03-01T02:40:00,56.82,1.003,498.599,798.368
2025-03-01T02:45:00,51.4,1.002,266.488,794.597
2025-03-01T02:50:00,60.07,0.979,4135.904,859.301
2025-03-01T02:55:00,63.083,1.003,619.51,1176.626
2025-03-01T03:00:00,54.669,1.006,1124.072,842.621
2025-03-01T03:05:00,32.755,0.75,631.123,356.662
2025-03-01T03:10:00,19.401,0.991,238.701,51.274
2025-03-01T03:15:00,15.529,1.004,336.852,54.399
2025-03-01T03:20:00,32.967,0.915,4265.89,349.289
2025-03-01T03:25:00,37.91,0.864,534.604,216.504
2025-03-01T03:30:00,31.767,0.901,938.368,123.181
2025-03-01T03:35:00,27.2,0.939,477.672,105.085
2025-03-01T03:40:00,44.629,0.901,777.795,339.742
2025-03-01T03:55:00,31.673,0.991,302.073,193.187
2025-03-01T04:00:00,23.892,0.87,263.778,143.764
2025-03-01T04:05:00,31.871,0.853,276.288,143.111
2025-03-01T04:10:00,29.17,0.908,906.101,140.089
2025-03-01T04:15:00,31.031,0.873,414.685,185.703
2025-03-01T04:20:00,31.564,1.001,298.019,189.302
2025-03-01T04:25:00,36.648,1.003,840.192,316.706
2025-03-01T04:30:00,42.827,0.996,665.525,495.668
2025-03-01T04:35:00,37.154,0.996,232.516,402.469
2025-03-01T04:40:00,38.726,1.002,610.531,467.548
2025-03-01T04:45:00,38.644,0.996,328.394,420.022
2025-03-01T04:50:00,35.923,1.001,327.143,361.892
2025-03-01T04:55:00,36.784,1.004,349.046,430.265
2025-03-01T05:00:00,39.892,0.953,809.626,352.633
2025-03-01T05:05:00,36.539,1.005,576.611,312.672
2025-03-01T05:10:00,31.824,1.003,247.897,213.9
2025-03-01T05:15:00,30.2,0.989,338.914,207.582
2025-03-01T05:20:00,34.115,0.913,645.319,248.802
2025-03-01T05:25:00,35.195,0.894,719.082,269.911
2025-03-01T05:30:00,58.139,0.742,872.518,602.762
2025-03-01T05:35:00,41.333,0.872,376.249,382.264
2025-03-01T05:40:00,35.44,0.815,993.308,249.692
2025-03-01T05:45:00,35.824,0.998,936.648,323.245
2025-03-01T05:50:00,40.48,0.912,1085.674,573.016
2025-03-01T05:55:00,34.933,0.9,660.62,295.361
2025-03-01T06:00:00,44.953,0.981,1308.694,371.865
2025-03-01T06:05:00,44.804,1.004,264.854,562.863
2025-03-01T06:10:00,36.595,1.003,182.762,339.253
2025-03-01T06:15:00,48.453,0.906,569.828,454.61
2025-03-01T06:20:00,60.184,0.929,421.4,710.512
2025-03-01T06:25:00,51.991,0.959,843.15,502.228
2025-03-01T06:30:00,59.468,0.937,2412.955,891.728
2025-03-01T06:35:00,46.716,0.972,706.837,513.982
2025-03-01T06:40:00,59.983,0.918,3173.387,725.09
2025-03-01T06:45:00,55.771,0.989,1865.025,772.887
2025-03-01T06:50:00,73.164,0.912,1021.291,1038.657
2025-03-01T06:55:00,44.944,0.958,1233.192,331.588
2025-03-01T07:00:00,43.142,1.005,727,465.82
2025-03-01T07:05:00,52.145,0.759,1639.417,538.346
2025-03-01T07:45:00,49.524,0.898,650.975,372.9
2025-03-01T07:50:00,50.155,0.905,782.282,378.209
2025-03-01T08:15:00,43.084,0.737,479.304,395.657
2025-03-01T08:20:00,42.945,0.883,403.093,602.195
2025-03-01T08:25:00,66.057,0.841,1199.131,652.804
2025-03-01T08:30:00,67.819,0.828,3818.419,1193.432
2025-03-01T08:35:00,52.68,0.942,495.183,576.845
2025-03-01T08:40:00,59.758,0.93,1220.354,705.342
2025-03-01T08:45:00,68.357,0.891,1805.156,680.946
2025-03-01T08:50:00,62.049,1.006,769.917,889.085
2025-03-01T08:55:00,60.9,0.917,3144.88,920.559
2025-03-01T09:00:00,50.29,0.927,3409.877,420.108
2025-03-01T09:05:00,44.761,0.897,2126.4,597.611
2025-03-01T09:10:00,69.307,0.981,3432.219,1202.161
2025-03-01T09:15:00,52.403,0.902,2202.825,621.178
2025-03-03T00:55:00,137.612,0.849,5002.703,2756.772
2025-03-03T01:00:00,173.543,0.792,3399.761,4486.597
2025-03-03T01:05:00,181.479,0.869,1342.227,5393.369
2025-03-03T01:10:00,154.849,0.96,1554.566,4594.811
2025-03-03T01:15:00,153.154,0.943,2420.754,5006.448
2025-03-03T01:20:00,146.595,0.951,2594.597,3899.583
2025-03-03T01:25:00,145.437,0.957,1707.337,4037.659
2025-03-03T01:30:00,151.152,0.929,1024.468,4775.824
2025-03-03T01:35:00,87.996,0.949,1711.431,1532.365
2025-03-03T01:40:00,64.945,0.936,1355.989,622.216
2025-03-03T01:45:00,59.897,0.944,275.437,767.581
2025-03-03T01:50:00,55.425,0.901,1244.3,301.596
2025-03-03T01:55:00,49.864,0.8,806.885,520.179
2025-03-03T02:00:00,53.001,0.78,3100.251,448.531
2025-03-03T02:05:00,74.358,0.797,2133.154,912.407
2025-03-03T02:10:00,58.292,0.8,592.916,461.292
2025-03-03T02:15:00,54.386,0.82,1503.745,406.317
2025-03-03T02:20:00,54.547,0.838,1569.766,542.213
2025-03-03T02:25:00,80.132,0.817,499.018,1237.076
2025-03-03T02:30:00,96.563,0.878,1414.042,2632.951
2025-03-03T02:35:00,84.851,0.874,2177.111,1481.733
2025-03-03T02:40:00,80.233,0.932,942.648,1210.601
2025-03-03T02:45:00,61.85,1.003,177.641,1042.576
2025-03-03T02:50:00,71.005,1.004,170.005,1153.291
2025-03-03T02:55:00,67.478,1.003,197.304,1067.792
2025-03-03T03:00:00,58.922,0.84,2150.406,454.251
2025-03-03T03:05:00,45.419,0.969,183.826,322.683
2025-03-03T03:10:00,41.067,0.986,247.012,288.06
2025-03-03T03:15:00,45.15,0.974,301.403,335.219
2025-03-03T03:20:00,46.541,0.975,552.808,392.156
2025-03-03T03:25:00,48.94,0.954,776.353,925.658
2025-03-03T03:30:00,61.358,0.855,2159.873,689.547
2025-03-03T03:35:00,39.405,0.951,911.843,423.993
2025-03-03T03:40:00,96.307,0.743,2623.524,1158.344
2025-03-03T03:45:00,71.584,0.712,4430.143,892.507
2025-03-03T03:50:00,82.866,0.94,2448.162,869.371
2025-03-03T03:55:00,58.133,0.97,3676.373,599.379
2025-03-03T04:00:00,66.154,0.945,5012.852,1241.307
2025-03-03T04:05:00,89.838,1.002,3770.964,1841.413
2025-03-03T04:10:00,70.121,0.852,1165.872,1101.701
2025-03-03T04:15:00,57.077,0.725,4930.725,1286.426
2025-03-03T04:20:00,54.541,0.935,666.783,510.47
2025-03-03T04:25:00,43.475,0.988,1200.985,567.582
2025-03-03T04:30:00,49.834,0.992,209.782,490.246
2025-03-03T04:35:00,49.087,0.92,728.447,241.776
2025-03-03T04:40:00,52.218,0.981,6311.54,934.601
2025-03-03T04:45:00,51.367,0.988,462.264,537.899
2025-03-03T04:50:00,42.573,0.975,729.032,324.318
2025-03-03T04:55:00,56.386,0.98,729.261,677.649
2025-03-03T05:00:00,46.271,0.974,581.777,446.211
2025-03-03T05:05:00,71.931,0.824,6800.521,1011.716
2025-03-03T05:10:00,59.214,0.976,334.215,828.793
2025-03-03T05:15:00,54.854,0.982,684.217,748.946
2025-03-03T05:20:00,67.116,1.002,372.275,937.11
2025-03-03T05:25:00,66.602,0.957,454.93,1007.34
2025-03-03T05:30:00,93.119,0.767,11645.409,2450.941
2025-03-03T05:45:00,73.37,0.956,433.428,792.501
2025-03-03T05:50:00,72.54,0.974,1073.341,915.644
2025-03-03T05:55:00,76.674,0.983,526.773,1258.079
2025-03-03T06:00:00,49.688,0.848,159.91,546.648
2025-03-03T06:05:00,47.679,0.983,589.196,516.231
2025-03-03T06:10:00,30.45,1.002,1487.638,145.192
2025-03-03T06:20:00,87.679,0.899,4749.195,1146.674
2025-03-03T06:25:00,82.282,0.839,4546.759,1257.552
2025-03-03T06:30:00,69.495,0.97,4548.501,878.731
2025-03-03T06:35:00,74.407,0.89,3396.922,934.881
2025-03-03T06:40:00,107.111,0.725,1903.533,1229.201
2025-03-03T06:45:00,43.94,0.83,783.233,435.237
2025-03-03T06:50:00,51.887,0.914,1101.917,711.609
2025-03-03T06:55:00,58.012,0.754,2469.395,397.653
2025-03-03T07:00:00,84.884,0.965,3726.042,1675.04
2025-03-03T07:05:00,69.375,0.898,3263.454,1298.673
2025-03-03T07:10:00,91.97,0.787,2235.435,1263.876
2025-03-03T07:15:00,82.66,0.942,5276.777,1084.541
2025-03-03T07:20:00,67.576,0.932,1663.573,950.282
2025-03-03T07:25:00,64.36,1.004,1458.724,986.022
2025-03-03T07:30:00,66.417,0.959,735.363,1010.209
2025-03-03T07:35:00,65.833,0.767,2252.948,531.928
2025-03-03T07:40:00,69.39,0.998,1037.831,863.87
2025-03-03T07:45:00,62.674,1.003,928.114,821.944
2025-03-03T07:50:00,63.705,0.944,3223.307,947.75
2025-03-03T07:55:00,40.958,0.986,829.575,516.836
2025-03-03T08:00:00,34.935,0.995,886.164,415.933
2025-03-03T08:05:00,58.403,0.722,2527.008,726.091
2025-03-03T08:10:00,40.648,0.943,2243.665,338.475
2025-03-03T08:15:00,45.349,0.939,1322.777,584.411
2025-03-03T08:20:00,39.395,0.958,341.258,370.9
2025-03-03T08:25:00,37.279,0.978,1046.028,422.18
2025-03-03T08:30:00,30.302,0.947,456.192,188.246
2025-03-03T08:50:00,34.568,0.986,199.048,341.734
2025-03-03T08:55:00,27.004,1.003,252.123,222.12
2025-03-03T09:00:00,34.335,0.946,2340.935,294.868
2025-03-03T09:05:00,31.07,0.965,480.737,292.235
2025-03-03T09:10:00,34.976,0.803,1126.725,225.687
2025-03-03T09:15:00,39.704,0.833,558.344,176.569
2025-03-04T00:15:00,28.676,0.849,476.277,157.119
2025-03-04T00:20:00,31.644,0.952,357.069,250.971
2025-03-04T00:25:00,31.377,0.988,270.284,261.421
2025-03-04T00:30:00,26.405,0.993,115.889,182.525
2025-03-04T00:35:00,24.962,0.991,631.143,276.138
2025-03-04T00:40:00,25.692,0.92,258.701,168.058
2025-03-04T00:45:00,29.941,0.968,416,182.266
2025-03-04T00:50:00,28.106,1.004,173.517,185.822
2025-03-04T00:55:00,27.165,1.001,463.453,232.348
2025-03-04T01:00:00,24.629,1.004,291.202,148.622
2025-03-04T01:05:00,29.893,1.003,571.847,238.924
2025-03-04T01:10:00,33.044,0.977,229.293,345.012
2025-03-04T01:15:00,38.248,1.002,481.604,304.669
2025-03-04T01:20:00,28.296,1.004,249.823,229.335
2025-03-04T01:25:00,29.096,1.004,375.406,228.383
2025-03-04T01:30:00,33.752,0.974,799.456,197.976
2025-03-04T01:35:00,42.229,1.006,984.696,377.274
2025-03-04T01:40:00,41.38,0.992,289.718,436.937
2025-03-04T01:45:00,40.171,1.004,271.484,423.534
2025-03-04T01:50:00,40.16,1.003,324.66,410.456
2025-03-04T01:55:00,40.973,0.996,314.012,406.402
2025-03-04T02:00:00,38.203,0.987,571.545,305.637
2025-03-04T02:05:00,44.531,1.003,1103.247,530.237
2025-03-04T02:10:00,42.747,0.994,1159.503,404.523
2025-03-04T02:15:00,36.615,1.002,359.943,291.461
2025-03-04T02:20:00,38.136,0.994,556.435,357.737
2025-03-04T02:25:00,43.362,1.005,594.688,463.819
2025-03-04T02:30:00,25.606,0.951,1333.135,178.188
2025-03-04T02:35:00,31.36,0.986,1384.835,199.218
2025-03-04T02:40:00,30.109,0.969,559.302,227.438
2025-03-04T02:45:00,26.63,0.975,318.454,118.443
2025-03-04T02:50:00,32.759,0.989,598.23,220.79
2025-03-04T02:55:00,23.853,0.956,345.074,129.756
2025-03-04T03:00:00,26.029,1.003,267.598,204.5
2025-03-04T03:05:00,27.603,0.924,230.767,248.397
2025-03-04T03:10:00,66.203,1.001,827.588,857.83
2025-03-04T03:15:00,50.8,0.994,584.681,580.257
2025-03-04T03:20:00,52.294,1.003,631.077,527.086
2025-03-04T03:25:00,47.269,0.994,319.418,490.713
2025-03-04T03:30:00,51.188,0.953,1810.825,542.46
2025-03-04T03:35:00,53.758,1.001,951.73,769.438
2025-03-04T03:40:00,42.953,0.905,2675.29,405.481
2025-03-04T03:45:00,40.591,0.994,281.156,416.815
2025-03-04T03:50:00,36.125,1.004,227.132,390.556
2025-03-04T03:55:00,39.667,0.961,2470.479,466.756
2025-03-04T04:00:00,32.961,1.004,481.925,298.171
2025-03-04T04:05:00,32.09,1.003,608.783,293.006
2025-03-04T04:10:00,34.656,0.983,987.271,346.014
2025-03-04T04:15:00,38.726,0.995,938.251,391.715
2025-03-04T04:20:00,31.51,0.778,250.27,240.681
2025-03-04T04:30:00,38.69,1.002,526.957,402.022
2025-03-04T04:35:00,40.131,0.981,1240.853,363.261
2025-03-04T04:40:00,32.015,1.002,331.904,295.8
2025-03-04T04:45:00,19.22,0.968,262.864,71.908
2025-03-04T04:50:00,25.847,1.002,458.222,157.331
2025-03-04T04:55:00,24.761,1.002,835.201,156.12
2025-03-04T05:00:00,30.22,0.845,1548.035,117.87
2025-03-04T05:05:00,21.791,0.913,352.684,76.723
2025-03-04T05:10:00,63.864,0.908,6116.836,506.669
2025-03-04T05:15:00,55.987,0.924,988.625,812.186
2025-03-04T05:20:00,53.737,0.91,1243.825,518.565
2025-03-04T05:30:00,32.975,1.005,680.571,264.013
2025-03-04T05:35:00,37.571,0.961,1266.991,333.985
2025-03-04T05:40:00,30.035,0.959,283.691,175.902
2025-03-04T05:45:00,32.59,0.942,255.85,236.65
2025-03-04T05:50:00,41.452,0.994,480.361,335.341
2025-03-04T05:55:00,38.336,1.004,532.841,344.942
2025-03-04T06:00:00,35.189,0.977,333.973,307.038
2025-03-04T06:05:00,42.906,0.923,1220.417,288.433
2025-03-04T06:10:00,61.178,0.89,3322.59,711.573
2025-03-04T06:15:00,55.301,0.987,1427.474,683.649
2025-03-04T06:25:00,50.518,0.951,499.958,675.47
2025-03-04T06:30:00,54.145,0.935,791.625,860.199
2025-03-04T06:35:00,40.825,1.003,1162.683,336.86
2025-03-04T06:40:00,81.902,0.948,5156.626,1202.405
2025-03-04T06:45:00,56.363,0.901,3681.798,646.615
2025-03-04T06:50:00,46.798,0.949,476.182,461.39
2025-03-04T06:55:00,49.03,0.953,3305.873,564.434
2025-03-04T07:00:00,27.643,0.989,417.955,151.653
2025-03-04T07:05:00,52.85,0.928,592.13,402.181
2025-03-04T07:10:00,41.208,0.904,608.432,290.969
2025-03-04T07:25:00,28.639,0.941,920.155,210.72
2025-03-05T00:15:00,19.612,0.992,206.458,104.695
2025-03-05T00:20:00,22.165,0.963,384.19,164.166
2025-03-05T00:25:00,23.021,0.99,196.296,189.874
2025-03-05T00:30:00,21.908,0.981,716.37,179.42
2025-03-05T00:35:00,21.002,1.003,181.839,132.141
2025-03-05T00:40:00,23.501,1.005,188.499,178.427
2025-03-05T00:45:00,24.428,1.003,140.002,180.68
2025-03-05T00:50:00,20.961,1.004,325.384,130.104
2025-03-05T00:55:00,22.663,0.993,217.541,150.762
2025-03-05T01:00:00,22.877,1.002,197.82,126.032
2025-03-05T01:05:00,23.133,1.003,143.94,143.588
2025-03-05T01:10:00,26.137,0.987,630.117,203.319
2025-03-05T01:15:00,31.001,0.996,7168.437,1518.078
2025-03-05T01:20:00,33.847,1.001,814.804,390.32
2025-03-05T01:25:00,23.134,0.992,403.862,137.51
2025-03-05T01:30:00,18.37,0.975,1101.129,75.223
2025-03-05T01:35:00,24.323,1.003,382.179,127.794
2025-03-05T01:40:00,20.491,1.002,1364.105,155.137
2025-03-05T01:45:00,21.508,0.992,147.475,143.929
2025-03-05T01:50:00,26.374,1.002,124.689,229.088
2025-03-05T01:55:00,28.138,1.005,180.344,247.244
2025-03-05T02:00:00,36.574,0.934,4445.635,390.292
2025-03-05T02:05:00,44.538,1.001,615.048,463.655
2025-03-05T02:10:00,46.219,0.834,1278.921,463.812
2025-03-05T02:15:00,30.3,0.994,258.31,245.882
2025-03-05T02:20:00,33.71,1.002,222.268,300.993
2025-03-05T02:25:00,32.136,0.999,359.191,297.123
2025-03-05T02:30:00,30.598,0.992,397.513,219.97
2025-03-05T02:35:00,32.93,0.979,201.467,284.939
2025-03-05T02:40:00,32.69,0.997,209.751,298.086
2025-03-05T02:45:00,37.353,1.005,194.985,393.681
2025-03-05T02:50:00,37.785,1.003,287.117,465.811
2025-03-05T02:55:00,32.364,1.002,506.341,338.693
2025-03-05T03:00:00,25.439,0.988,791.637,102.494
2025-03-05T03:05:00,37.98,0.763,1982.303,497.568
2025-03-05T03:10:00,46.659,0.993,778.075,569.649
2025-03-05T03:15:00,46.504,1.002,926.935,442.17
2025-03-05T03:20:00,47.324,0.996,518.526,657.464
2025-03-05T03:25:00,46.777,1.002,526.768,541.652
2025-03-05T03:30:00,51.836,0.97,397.096,535.519
2025-03-05T03:35:00,56.102,1.003,755.652,795.582
2025-03-05T03:40:00,47.73,1.004,336.532,555.103
2025-03-05T03:45:00,55.365,1.005,454.197,853.644
2025-03-05T03:50:00,38.964,0.959,368.113,441.239
2025-03-05T03:55:00,35.346,1.001,644.45,348.52
2025-03-05T04:00:00,38.37,1.003,243.19,424.872
2025-03-05T04:05:00,31.3,0.994,289.896,292.345
2025-03-05T04:10:00,36.301,0.956,192.93,355.814
2025-03-05T04:15:00,35.561,0.984,792.276,284.639
2025-03-05T04:20:00,26.433,0.981,185.245,139.92
2025-03-05T04:25:00,35.699,0.959,2016.445,205.503
2025-03-05T04:30:00,23.068,0.938,960.904,67.094
2025-03-05T04:40:00,38.822,0.821,529.679,387.516
2025-03-05T04:45:00,34.571,1.001,306.032,348.925
2025-03-05T04:50:00,33.877,1.006,326.574,284.326
2025-03-05T04:55:00,36.526,1.002,210.263,384.867
2025-03-05T05:00:00,37.945,0.943,397.363,304.833
2025-03-05T05:05:00,44.496,0.996,276.678,588.796
2025-03-05T05:10:00,46.987,0.892,873.838,525.156
2025-03-05T05:15:00,58.305,0.972,3660.833,1220.118
2025-03-05T05:20:00,61.525,1.003,788.629,1048.776
2025-03-05T05:25:00,55.576,1.004,734.371,654.607
2025-03-05T05:45:00,44.847,0.893,1081.709,446.516
2025-03-05T05:50:00,48.425,0.841,1071.462,345.036
2025-03-05T06:00:00,33.012,0.904,370.494,116.432
2025-03-05T06:05:00,64.767,0.766,1730.886,1007.504
2025-03-05T06:10:00,30.157,0.948,868.216,135.702
2025-03-05T06:15:00,29.236,0.971,1079.803,293.929
2025-03-05T06:20:00,26.952,0.864,1564.785,145.889
2025-03-05T06:40:00,34.529,0.859,928.622,372.543
2025-03-05T07:05:00,40.131,0.731,243.285,210.159
2025-03-05T07:10:00,31.881,0.974,366.784,294.185
2025-03-05T07:20:00,0,0.751,12909.388,5735.475
2025-03-05T07:25:00,0,0.902,4307.602,9098.702
2025-03-27T01:05:00,37.108,0.844,924.616,228.276
2025-03-27T01:10:00,33.526,0.918,392.016,241.908
2025-03-27T01:15:00,30.692,0.921,260.344,249.605
2025-03-27T01:20:00,37.266,0.913,342.202,358.427
2025-03-27T01:25:00,36.463,0.937,247.487,338.648
2025-03-27T01:30:00,32.717,0.976,427.901,267.368
2025-03-27T01:35:00,34.864,0.993,152.898,321.107
2025-03-27T01:40:00,30.481,1.002,138.819,240.681
2025-03-27T01:45:00,31.643,0.997,230.394,295.63
2025-03-27T01:50:00,30.799,0.999,339.458,279.217
2025-03-27T01:55:00,30.322,0.993,212.395,233.532
2025-03-27T02:00:00,31.445,0.905,459.495,235.286
2025-03-27T02:05:00,24.121,1.003,157.768,175.176
2025-03-27T02:10:00,24.741,1.002,173.107,165.192
2025-03-27T02:15:00,17.533,1.002,88.401,52.756
2025-03-27T02:20:00,20.404,0.963,336.807,116.668
2025-03-27T02:25:00,20.768,0.992,114.27,117.967
2025-03-27T02:30:00,18.981,0.965,231.728,99.479
2025-03-27T02:35:00,25.016,0.924,644.612,143.726
2025-03-27T02:45:00,35.495,0.885,551.735,272.463
2025-03-27T02:50:00,25.073,0.996,157.32,182.015
2025-03-27T02:55:00,24.82,1.004,234.502,174.24
2025-03-27T03:00:00,25.185,0.994,472.952,176.954
2025-03-27T03:05:00,23.954,0.994,305.156,157.322
2025-03-27T03:10:00,24.905,0.984,321.054,140.648
2025-03-27T03:15:00,28.059,0.982,682.705,257.776
2025-03-27T03:20:00,24.541,0.993,295.087,172.421
2025-03-27T03:25:00,24.422,0.945,661.125,147.716
2025-03-27T03:30:00,24.917,0.994,366.622,190.563
2025-03-27T03:35:00,29.33,0.998,561.805,256.16
2025-03-27T03:40:00,22.536,0.995,1123.875,101.966
2025-03-27T03:45:00,28.04,0.996,1498.028,187.482
2025-03-27T03:55:00,29.873,0.95,1118.156,228.991
2025-03-27T04:05:00,16.923,0.754,345.208,47.7
2025-03-27T04:15:00,31.887,0.835,887.878,214.145
2025-03-27T04:20:00,35.708,0.929,1201.586,235.335
2025-03-27T04:25:00,29.569,0.778,665.155,132.979
2025-03-27T04:30:00,34.119,0.882,591.855,295.002
2025-03-27T04:35:00,26.429,0.963,2371.337,186.951
2025-03-27T04:40:00,32.13,0.944,881.451,241.152
2025-03-27T04:45:00,21.137,0.992,403.143,94.512
2025-03-27T04:50:00,27.069,0.977,515.026,282.407
2025-03-27T04:55:00,25.783,1.003,305.632,178.717
2025-03-27T05:00:00,25.483,1.001,197.906,178.298
2025-03-27T05:05:00,30.984,0.97,204.527,274.823
2025-03-27T05:10:00,27.797,0.981,254.609,222.183
2025-03-27T05:15:00,25.395,0.968,140.844,194.98
2025-03-27T05:20:00,21.786,1.005,190.282,151.539
2025-03-27T05:25:00,22.258,0.925,174.884,145.238
2025-03-27T05:30:00,40.198,0.997,647.057,431.239
2025-03-27T05:35:00,36.328,1.004,1306.518,444.731
2025-03-27T05:40:00,35.035,1.001,197.052,455.044
2025-03-27T05:45:00,33.184,1.005,291.76,477.808
2025-03-27T05:50:00,35.744,1.002,263.493,529.146
2025-03-27T05:55:00,36.987,1.004,385.211,535.797
2025-03-27T06:00:00,35.715,0.953,1670.982,430.379
2025-03-27T06:05:00,27.383,0.991,401.817,221.771
2025-03-27T06:10:00,28.335,1.004,234.009,234.502
2025-03-27T06:15:00,35.675,0.921,2008.019,443.689
2025-03-27T06:20:00,26.537,0.92,570.467,138.802
2025-03-27T06:25:00,25.915,0.764,2011.641,145.031
2025-03-27T06:30:00,42.293,0.906,1266.374,525.146
2025-03-27T06:35:00,39.173,0.789,940.997,338.699
2025-03-27T07:00:00,27.189,0.964,565.709,264.304
2025-03-27T07:05:00,33.376,0.84,3623.861,311.387
2025-03-27T07:10:00,38.123,0.997,972.784,409.559
2025-03-27T07:15:00,30.219,1.002,261.407,294.425
2025-03-27T07:20:00,29.47,1.004,416.508,295.705
2025-03-27T07:25:00,28.287,1.003,216.359,260.844
2025-03-27T07:30:00,28.115,1.003,311.706,247.926
2025-03-27T07:55:00,23.993,0.89,595.964,105.666
2025-03-27T08:00:00,68.835,0.829,4278.408,1170.548
2025-03-27T08:05:00,35.259,0.89,1920.088,261.639
2025-03-27T08:10:00,33.914,0.935,448.666,350.742
2025-03-27T08:15:00,34.481,0.974,1575.278,408.046
2025-03-27T08:20:00,29.55,0.939,418.869,221.325
2025-03-27T08:25:00,24.93,0.996,762.962,162.694
2025-03-27T08:30:00,26.789,0.961,896.298,172.397
2025-03-27T08:35:00,25.268,0.953,568.293,132.978
2025-03-27T08:40:00,27.111,0.879,383.225,124.493
2025-03-27T08:45:00,29.588,0.863,2138.368,164.346
2025-03-27T08:50:00,23.586,0.788,567.249,105.006
2025-03-27T08:55:00,21.295,0.856,234.601,78.846
2025-03-27T09:15:00,23.654,0.866,336.633,77.996
2025-03-28T01:00:00,17.901,0.937,209.241,112.062
2025-03-28T01:05:00,17.732,0.995,99.038,103.839
2025-03-28T01:10:00,19.266,0.995,168.671,112.357
2025-03-28T01:15:00,18.851,1.003,209.961,105.047
2025-03-28T01:20:00,22.041,0.993,154.717,139.398
2025-03-28T01:25:00,23.457,0.992,177.387,193.049
2025-03-28T01:30:00,23.798,0.994,185.527,144.164
2025-03-28T01:35:00,23.039,1.005,103.9,164.24
2025-03-28T01:40:00,28.226,0.957,717.661,215.814
2025-03-28T01:45:00,28.467,0.991,172.691,222.224
2025-03-28T01:50:00,29.473,0.993,158.133,281.001
2025-03-28T01:55:00,31.189,1.003,199.466,305.82
2025-03-28T02:00:00,31.867,0.996,357.109,335.385
2025-03-28T02:05:00,33.774,1.003,170.276,403.363
2025-03-28T02:10:00,30.952,0.993,560.214,299.441
2025-03-28T02:15:00,34.376,0.998,582.79,354.299
2025-03-28T02:20:00,36.985,1.002,181.917,407.339
2025-03-28T02:25:00,37.685,1.003,247.658,418.655
2025-03-28T02:30:00,40.904,0.977,1488.652,621.916
2025-03-28T02:35:00,24.554,0.997,163.033,145.178
2025-03-28T02:40:00,24.572,0.94,2110.43,108.363
2025-03-28T02:45:00,25.868,0.991,441.599,183.343
2025-03-28T02:50:00,25.441,0.984,772.33,166.257
2025-03-28T02:55:00,28.153,1.002,552.374,253.644
2025-03-28T03:00:00,26.493,0.828,1160.11,105.931
2025-03-28T03:05:00,25.023,1.001,312.156,213.893
2025-03-28T03:10:00,22.613,0.996,295.39,134.764
2025-03-28T03:15:00,26.463,0.986,148.053,227.924
2025-03-28T03:20:00,26.816,1.004,181.291,194.289
2025-03-28T03:25:00,26.337,1.001,178.98,201.616
2025-03-28T03:30:00,28.004,0.981,256.225,245.798
2025-03-28T03:35:00,26.387,0.993,148.126,213.216
2025-03-28T03:40:00,27.554,1.003,148.114,228.771
2025-03-28T03:45:00,27.324,0.976,146.861,195.37
2025-03-28T03:50:00,27.754,0.987,198.495,212.988
2025-03-28T03:55:00,29.248,1.002,276.483,203.77
2025-03-28T04:00:00,29.253,0.982,229.094,195.455
2025-03-28T04:05:00,37.853,1.003,366.883,364.486
2025-03-28T04:10:00,39.325,1.002,785.492,360.578
2025-03-28T04:15:00,45.097,0.995,928.529,671.07
2025-03-28T04:20:00,45.033,0.963,300.651,539.277
2025-03-28T04:25:00,42.284,1.003,652.812,402.388
2025-03-28T04:30:00,46.185,1.003,239.542,569.378
2025-03-28T04:50:00,15.843,0.991,351.881,48.924
2025-03-28T04:55:00,16.564,0.917,277.185,42.721
2025-03-28T05:00:00,31.411,0.914,386.804,166.223
2025-03-28T05:05:00,32.854,0.92,813.866,260.582
2025-03-28T05:10:00,40.746,0.899,1283.809,259.143
2025-03-28T05:15:00,27.253,0.93,527.725,127.08
2025-03-28T05:20:00,24.704,0.919,444.995,86.31
2025-03-28T05:25:00,40.278,0.797,2445.554,142.864
2025-03-28T05:30:00,28.832,1,416.851,262.071
2025-03-28T05:35:00,27.209,1.005,484.708,211.281
2025-03-28T05:40:00,24.234,1.003,293.183,174.828
2025-03-28T05:45:00,24.2,0.994,721.28,163.726
2025-03-28T05:50:00,26.466,0.994,194.428,232.841
2025-03-28T05:55:00,26.911,1.002,166.83,229.757
2025-03-28T06:00:00,25.999,0.963,191.591,199.824
2025-03-28T06:05:00,29.683,0.995,313.901,383.439
2025-03-28T06:10:00,28.992,0.902,263.924,242.231
2025-03-28T06:15:00,33.831,0.998,329.536,338.912
2025-03-28T06:20:00,47.482,0.943,1177.756,684.438
2025-03-28T06:25:00,37.087,0.996,1846.455,324.498
2025-03-28T06:30:00,36.47,0.969,762.557,282.771
2025-03-28T06:35:00,42.763,0.966,408.559,471.734
2025-03-28T06:40:00,34.057,0.915,678.364,265.553
2025-03-28T06:45:00,27.597,0.994,299.405,161.202
2025-03-28T06:50:00,24.126,0.997,719.083,158.103
2025-03-28T06:55:00,30.748,0.976,2042.845,253.643
2025-03-28T07:00:00,29.153,0.727,5105.816,924.917
2025-03-28T07:05:00,41.093,0.962,1981.899,373.328
2025-03-28T07:10:00,47.713,0.967,1031.668,464.727
2025-04-01T00:50:00,25.221,0.86,189.707,110.153
2025-04-01T00:55:00,30.207,0.923,505.529,294.821
2025-04-01T01:00:00,35.65,0.98,387.333,359.392
2025-04-01T01:05:00,30.907,0.93,158.616,237.456
2025-04-01T01:10:00,33.739,0.989,357.834,308.551
2025-04-01T01:15:00,27.328,1.004,284.366,178.683
2025-04-01T01:20:00,27.761,0.968,146.435,216.798
2025-04-01T01:25:00,30.761,1.004,256.763,279.113
2025-04-01T01:30:00,29,1.004,325.28,255.775
2025-04-01T01:35:00,30.285,0.996,281.167,260.302
2025-04-01T01:40:00,34.128,0.906,802.725,375.207
2025-04-01T01:45:00,26.552,1.003,263.819,219.824
2025-04-01T01:50:00,27.568,0.976,175.922,220.96
2025-04-01T01:55:00,30.641,1.002,262.3,277.914
2025-04-01T02:45:00,26.425,0.784,615.469,248.088
2025-04-01T02:50:00,25.536,1.002,272.762,216.25
2025-04-01T03:20:00,28.53,1.001,309.831,211.182
2025-04-01T03:25:00,28.99,0.952,182.472,171.594
2025-04-01T03:30:00,27.607,1.003,286.107,239.5
2025-04-01T03:35:00,24.847,1.003,271.974,201.81
2025-04-01T03:40:00,27.999,1,455.839,214.108
2025-04-01T03:45:00,25.181,0.925,351.087,100.463
2025-04-01T03:50:00,30.139,0.908,1040.728,182.342
2025-04-01T03:55:00,30.872,0.809,389.392,184.646
2025-04-01T04:00:00,37.121,0.806,1173.76,338.272
2025-04-01T04:05:00,25.042,1.002,226.512,158.07
2025-04-01T04:10:00,31.183,0.919,946.73,244.913
2025-04-01T04:15:00,35.707,1.003,486.224,318.069
2025-04-01T04:20:00,44.326,0.921,1641.905,398.643
2025-04-01T04:25:00,48.109,0.995,250.107,626.266
2025-04-01T04:30:00,35.429,1.003,306.557,361.377
2025-04-01T04:35:00,41.105,1.002,1692.952,491.972
2025-04-01T04:40:00,37.83,1.006,300.742,409.842
2025-04-01T04:45:00,36.035,0.979,476.543,346.605
2025-04-01T04:50:00,32.797,0.938,311.654,218.1
2025-04-01T04:55:00,33.187,0.878,504.504,175.643
2025-04-01T05:00:00,37.766,0.768,1602.187,313.325
2025-04-01T05:05:00,21.664,0.895,716.839,74.891
2025-04-01T05:10:00,51.88,0.856,1788.776,581.205
2025-04-01T05:15:00,47.244,0.874,5821.419,421.536
2025-04-01T05:20:00,37.126,0.9,417.582,379.266
2025-04-01T05:25:00,40.265,0.954,1313.9,257.986
2025-04-01T05:30:00,43.557,0.841,1164.057,600.556
2025-04-01T05:35:00,48.445,0.884,1301.401,352.208
2025-04-01T05:40:00,55.03,0.877,1407.291,569.613
2025-04-01T05:45:00,39.575,0.921,987.095,417.682
2025-04-01T05:50:00,37.691,0.996,220.054,394.388
2025-04-01T05:55:00,39.748,0.997,756.64,407.97
2025-04-01T06:00:00,39.184,0.985,199.166,403.878
2025-04-01T06:05:00,37.992,0.997,508.163,351.571
2025-04-01T06:10:00,41.921,1.004,573.238,466.161
2025-04-01T06:15:00,41.447,0.951,546.391,433.285
2025-04-01T06:20:00,69.143,0.954,1340.994,1074.216
2025-04-01T06:25:00,49.892,0.991,783.38,646.472
2025-04-01T06:30:00,66.789,0.957,2973.922,926.231
2025-04-01T06:35:00,61.241,0.928,762.255,1069.805
2025-04-01T06:40:00,44.215,0.982,543.163,511.336
2025-04-01T06:55:00,64.731,0.909,3136.733,1389.193
2025-04-01T07:00:00,45.815,0.986,2794.287,505.615
2025-04-01T07:10:00,60.285,0.895,1928.127,715.288
2025-04-01T07:15:00,56.758,0.788,3345.142,575.449
2025-04-01T07:20:00,47.366,0.847,2228.029,443.31
2025-04-01T07:25:00,61.945,0.804,1636.699,706.061
2025-04-01T07:30:00,36.855,0.771,1159.196,159.867
2025-04-01T07:40:00,31.839,0.763,271.193,175.245
2025-04-01T07:45:00,28.577,0.999,292.855,237.078
2025-04-01T08:00:00,35.284,0.941,794.213,300.345
2025-04-01T08:10:00,35.312,0.831,372.44,278.804
2025-04-01T08:15:00,27.518,0.905,404.068,178.585
2025-04-01T08:25:00,27.933,0.978,380.521,267.434
2025-04-01T08:30:00,27.673,0.857,294.348,176.051
2025-04-01T08:35:00,28.28,0.904,1874.32,197.128
2025-04-02T01:10:00,29.47,0.948,519.906,189.803
2025-04-02T01:15:00,31.47,0.932,351.44,254.934
2025-04-02T01:20:00,35.747,0.994,469.969,434.252
2025-04-02T01:25:00,34.199,0.995,312.659,342.515
2025-04-02T01:30:00,36.267,1.004,407.263,405.537
2025-04-02T01:35:00,37.603,0.989,430.459,450.523
2025-04-02T01:40:00,34.37,0.998,343.985,362.129
2025-04-02T01:45:00,40.179,0.949,1249.86,437.801
2025-04-02T01:50:00,33.713,1.001,235.376,402.732
2025-04-02T01:55:00,30.995,1.006,357.834,288.875
2025-04-02T02:00:00,32.26,1,296.452,289.343
2025-04-02T02:05:00,34.062,1.005,352.679,425.617
2025-04-02T02:10:00,32.042,0.993,256.293,293.345
2025-04-02T02:15:00,33.96,1.002,235.991,362.708
2025-04-02T02:20:00,30.947,1.004,274.666,290.137
2025-04-02T02:25:00,30.882,1.002,288.289,318.217
2025-04-02T02:30:00,31.301,0.968,590.723,365.15
2025-04-02T02:35:00,33.31,0.991,729.486,239.553
2025-04-02T02:40:00,20.22,0.996,468.58,156.761
2025-04-02T02:45:00,14.207,1.004,154.116,60.129
2025-04-02T02:50:00,18.836,1.002,346.973,131.742
2025-04-02T02:55:00,15.697,1.002,417.483,64.133
2025-04-02T03:00:00,20.266,1.004,669.366,170.551
2025-04-02T03:05:00,22.415,0.997,237.505,177.847
2025-04-02T03:10:00,23.648,0.997,385.747,146.635
2025-04-02T03:15:00,24.395,1.002,143.178,200
2025-04-02T03:20:00,26.464,1.004,151.764,205.8
2025-04-02T03:25:00,34.979,0.943,1085.215,281.127
2025-04-02T03:30:00,27.914,1.003,157.492,189.917
2025-04-02T03:35:00,27.158,1.003,291.057,267.12
2025-04-02T03:40:00,19.305,1.005,125.616,116.691
2025-04-02T03:45:00,20.263,1.003,144.667,139.199
2025-04-02T03:50:00,19.954,1.001,244.982,101.123
2025-04-02T03:55:00,20.623,1.006,218.782,108.71
2025-04-02T04:00:00,21.117,0.982,403.663,107.263
2025-04-02T04:05:00,38.863,0.955,5135.22,296.39
2025-04-02T04:10:00,38.872,1.002,354.867,472.252
2025-04-02T04:15:00,34.517,0.991,241.023,333.669
2025-04-02T04:20:00,40.582,0.856,413.088,436.652
2025-04-02T04:25:00,47.113,0.925,416.897,422.863
2025-04-02T04:30:00,45.576,0.929,484.036,357.544
2025-04-02T04:35:00,53.012,1.002,2514.024,710.003
2025-04-02T04:45:00,26.488,0.99,245.627,143.246
2025-04-02T04:50:00,28.687,0.869,890.757,114.721
2025-04-02T04:55:00,36.963,0.893,829.727,367.526
2025-04-02T05:00:00,49.016,0.783,1268.386,530.493
2025-04-02T05:05:00,28.112,0.982,306.138,124.856
2025-04-02T05:10:00,27.289,0.976,746.763,157.261
2025-04-02T05:15:00,32.695,0.987,1532.284,319.466
2025-04-02T05:20:00,31.852,0.989,343.756,197.839
2025-04-02T05:25:00,35.291,1.001,1068.775,349.549
2025-04-02T05:30:00,35.791,1.004,675.267,324.738
2025-04-02T05:35:00,35.175,0.866,490.408,235.735
2025-04-02T05:40:00,44.089,0.978,296.486,381.685
2025-04-02T05:45:00,39.646,0.995,261.397,393.508
2025-04-02T05:50:00,36.607,1.003,338.385,307.314
2025-04-02T05:55:00,39.964,1.003,423.902,380.204
2025-04-02T06:00:00,37.529,1.005,746.439,373.903
2025-04-02T06:10:00,48.005,0.774,6630.423,360.872
2025-04-02T06:15:00,41.053,1.004,492.244,411.974
2025-04-02T06:20:00,35.548,0.986,194.879,339.755
2025-04-02T06:25:00,32.293,0.978,871.114,289.69
2025-04-02T06:40:00,34.223,0.962,400.183,287.709
2025-04-02T06:45:00,39.131,0.955,1063.757,238.26
2025-04-02T07:00:00,31.786,0.701,329.083,85.597
2025-04-03T00:50:00,64.756,0.82,1132.15,473.144
2025-04-03T00:55:00,57.604,0.921,523.693,536.742
2025-04-03T01:00:00,58.178,0.888,297.871,547.091
2025-04-03T01:05:00,56.723,0.948,347.026,533.779
2025-04-03T01:10:00,54.554,0.964,320.895,568.422
2025-04-03T01:15:00,53.652,0.962,287.64,635.207
2025-04-03T01:20:00,48.564,0.967,344.841,480.259
2025-04-03T01:25:00,55.064,0.965,235.485,477.11
2025-04-03T01:30:00,49.685,0.976,135.045,465.42
2025-04-03T01:35:00,52.777,1.004,288.094,574.847
2025-04-03T01:40:00,41.426,0.96,350.879,410.573
2025-04-03T01:45:00,38.546,0.951,526.842,465.44
2025-04-03T01:50:00,33.857,0.998,770.634,373.906
2025-04-03T01:55:00,43.62,0.976,1679.022,558.338
2025-04-03T02:00:00,42.842,0.988,1604.399,589.637
2025-04-03T02:05:00,44.299,0.984,595.765,636.326
2025-04-03T02:10:00,52.068,1.002,1712.127,605.659
2025-04-03T02:15:00,22.786,1.005,522.703,111.521
2025-04-03T02:55:00,42.112,1.003,162.012,621.304
2025-04-03T03:00:00,38.197,0.995,457.529,455.205
2025-04-03T03:05:00,39.751,1.001,166.387,504.545
2025-04-03T03:10:00,42.809,1.005,465.094,567.534
2025-04-03T03:15:00,39.545,1.002,333.032,518.845
2025-04-03T03:20:00,43.135,1.006,500.488,549.574
2025-04-03T03:25:00,43.917,1.001,750.907,601.246
2025-04-03T03:30:00,48.149,0.896,2259.731,443.793
2025-04-03T03:35:00,61.338,1.002,2756.365,723.552
2025-04-03T03:40:00,58.691,1.004,258.725,931.438
2025-04-03T03:45:00,60.485,1.003,811.953,932.431
2025-04-03T03:50:00,61.169,0.939,1749.597,683.195
2025-04-03T03:55:00,38.118,0.997,629.122,397.507
2025-04-03T04:00:00,35.317,0.994,276.464,265.24
2025-04-03T04:05:00,42.836,1.002,759.768,546.637
2025-04-03T04:10:00,32.332,1.005,372.798,304.865
2025-04-03T04:15:00,31.731,1.002,142.838,304.117
2025-04-03T04:20:00,33.599,1.005,304.931,237.006
2025-04-03T04:25:00,33.32,0.994,684.15,297.536
2025-04-03T04:30:00,26.981,0.983,334.658,252.741
2025-04-03T04:35:00,25.033,0.831,1414.493,188.609
2025-04-03T04:40:00,26.548,0.981,524.501,148.321
2025-04-03T04:45:00,23.184,0.911,989.535,136.212
2025-04-03T04:50:00,32.844,0.894,1589.675,241.714
2025-04-03T04:55:00,44.448,0.88,1070.133,434.072
2025-04-03T05:00:00,34.789,0.9,402.239,201.915
2025-04-03T05:05:00,45.035,0.88,1936.342,632.015
2025-04-03T05:10:00,62.947,0.913,3271.247,980.125
2025-04-03T05:15:00,52.625,0.943,1453.668,607.832
2025-04-03T05:20:00,55.292,0.986,1227.793,1018.785
2025-04-03T05:25:00,64.396,0.878,7305.045,626.179
2025-04-03T05:30:00,59.416,0.973,586.508,1060.486
2025-04-03T05:35:00,53.275,0.965,924.861,731.874
2025-04-03T05:40:00,42.796,0.952,457.268,573.561
2025-04-03T05:45:00,61.825,0.996,421.112,768.538
2025-04-03T05:50:00,77.703,1.004,494.036,1702.341
2025-04-03T05:55:00,82.081,0.982,551.832,1360.763
2025-04-03T06:00:00,76.333,0.726,2441.585,1437.181
2025-04-03T06:05:00,74.214,0.869,5835.616,1619.606
2025-04-03T06:10:00,74.745,0.994,2219.153,1253.551
2025-04-03T06:15:00,69.037,0.943,1272.232,1033.074
2025-04-03T06:20:00,68.937,0.992,3589.911,982.383
2025-04-03T06:25:00,66.689,0.92,6706.703,761.761
2025-04-03T06:30:00,57.274,0.928,1229.425,651.216
2025-04-03T06:35:00,37.014,0.886,895.845,334.119
2025-04-03T06:40:00,41.742,0.971,1177.029,289.158
2025-04-03T06:45:00,50.781,0.986,1593.169,636.675
2025-04-04T01:20:00,27.039,1.005,605.875,238.831
2025-04-04T01:25:00,24.422,0.947,178.472,216.714
2025-04-04T01:30:00,22.582,0.999,204.298,150.066
2025-04-04T01:35:00,19.45,0.993,358.992,125.903
2025-04-04T01:40:00,25.378,0.931,410.382,168.592
2025-04-04T01:45:00,23.908,0.994,156.318,162.708
2025-04-04T01:50:00,19.662,0.996,127.649,124.823
2025-04-04T01:55:00,20.22,1.002,234.263,120.294
2025-04-04T02:00:00,20.005,1.004,172.703,140.399
2025-04-04T02:05:00,21.003,0.947,455.192,152.756
2025-04-04T02:10:00,19.279,1.001,276.311,122.643
2025-04-04T02:15:00,18.646,0.979,264.503,96.384
2025-04-04T02:20:00,19.989,1.003,374.661,120.962
2025-04-04T02:25:00,20.977,0.922,331.875,95.849
2025-04-04T02:30:00,19.69,1.004,270.22,94.154
2025-04-04T02:35:00,19.832,1.002,503.223,149.737
2025-04-04T02:40:00,15.082,0.913,466.201,50.277
2025-04-04T02:45:00,14.262,0.992,204.145,40.545
2025-04-04T02:50:00,13.291,0.874,171.691,33.105
2025-04-04T02:55:00,13.561,0.879,266.374,43.091
2025-04-04T03:00:00,20.886,0.915,810.425,109.345
2025-04-04T03:05:00,16.632,0.991,230.686,79.057
2025-04-04T03:10:00,15.053,1.001,78.709,69.308
2025-04-04T03:15:00,14.402,0.985,104.823,63.405
2025-04-04T03:20:00,14.706,1.002,324.376,72.284
2025-04-04T03:25:00,14.963,1.003,367.75,66.88
2025-04-04T03:30:00,15.357,0.988,204.838,58.819
2025-04-04T03:35:00,30,0.837,2236.899,397.536
2025-04-04T03:40:00,27.575,0.97,1057.246,176.819
2025-04-04T03:45:00,18.807,0.994,162.841,126.36
2025-04-04T03:50:00,22.497,0.972,1210.032,226.767
2025-04-04T03:55:00,27.586,0.943,596.888,182.606
2025-04-04T04:05:00,17.799,1.004,172.059,58.153
2025-04-04T04:10:00,15.124,0.991,417.804,48.033
2025-04-04T04:15:00,23.102,0.74,933.952,110.035
2025-04-04T04:20:00,17.936,0.991,454.961,95.493
2025-04-04T04:25:00,21.844,0.997,1015.802,139.027
2025-04-04T04:30:00,21.239,0.997,548.321,91.267
2025-04-04T04:55:00,35.299,0.868,5084.578,211.003
2025-04-04T05:00:00,38.224,0.955,456.035,216.297
2025-04-04T05:05:00,36.53,0.997,374.072,250.952
2025-04-04T05:10:00,32.377,0.976,269.837,171.1
2025-04-04T05:15:00,45.619,0.936,1919.023,296.468
2025-04-04T05:20:00,61.094,0.994,460.149,1235.088
2025-04-04T05:25:00,44.825,0.998,1295.705,489.124
2025-04-04T05:30:00,43.792,1.004,632.805,545.594
2025-04-04T05:35:00,41.074,1.002,166.776,550.294
2025-04-04T05:40:00,45.282,1.003,375.617,719.496
2025-04-04T05:55:00,48.559,0.868,580.016,464.764
2025-04-04T06:00:00,37.496,0.935,950.17,360.826
2025-04-04T06:05:00,36.024,0.794,1237.573,279.508
2025-04-04T06:10:00,43.114,0.953,1562.4,453.994
2025-04-04T06:15:00,46.935,0.969,966.734,609.387
2025-04-04T06:20:00,43.774,0.937,1719.238,429.829
2025-04-04T06:25:00,30.553,0.991,476.711,293.182
2025-04-04T06:30:00,33.484,0.988,961.754,249.266
2025-04-04T06:35:00,34.245,0.904,264.047,268.934
2025-04-04T06:40:00,36.475,0.953,706.987,316.581
2025-04-04T06:45:00,37.162,0.85,948.925,230.787
2025-04-04T06:50:00,32.557,1.001,826.957,219.638
2025-04-04T06:55:00,30.543,0.87,318.213,151.013
2025-04-04T07:00:00,30.92,0.827,844.403,245.491
2025-04-04T07:05:00,31.336,0.841,1266.065,185.023
2025-04-04T07:10:00,33.96,0.948,957.403,292.387
2025-04-04T07:15:00,21.814,0.945,564.427,68.908
2025-04-04T07:20:00,32.055,0.912,2154.896,433.515
2025-04-04T07:25:00,25.907,0.825,404.696,71.074
2025-04-05T01:00:00,37.328,0.91,554.234,205.086
2025-04-05T01:05:00,56.711,0.827,696.099,250.933
2025-04-05T01:10:00,54.558,0.916,634.993,676.677
2025-04-05T01:15:00,41.047,1.001,682.252,569.889
2025-04-05T01:20:00,38.79,0.998,421.804,461.715
2025-04-05T01:25:00,35.581,1.005,546.011,422.469
2025-04-05T01:30:00,36.199,0.994,253.368,456.79
2025-04-05T01:35:00,36.04,1.005,247.772,453.482
2025-04-05T01:40:00,35.467,1.002,181.201,500.091
2025-04-05T01:45:00,34.515,1.002,274.64,393.307
2025-04-05T01:50:00,33.106,1.003,365.71,316.519
2025-04-05T01:55:00,34.178,1.004,207.636,333.47
2025-04-05T02:00:00,32.083,0.997,259.254,312.771
2025-04-05T02:05:00,31.775,1.004,600.203,307.244
2025-04-05T02:10:00,27.896,1.004,362.761,334.255
2025-04-05T02:15:00,22.764,1.003,377.718,100.304
2025-04-05T02:20:00,26.418,1.002,685.368,204.566
2025-04-05T02:25:00,32.979,0.989,1257.86,317.927
2025-04-05T02:30:00,28.238,0.996,404.673,263.799
2025-04-05T02:35:00,32.491,1.004,224.912,273.109
2025-04-05T02:40:00,36.21,1.003,137.176,365.789
2025-04-05T02:45:00,32.322,1.002,102.087,305.948
2025-04-05T02:50:00,53.574,0.997,689.075,712.678
2025-04-05T02:55:00,42.044,1.004,333.23,500.8
2025-04-05T03:00:00,42.44,1.003,154.388,474.09
2025-04-05T03:05:00,47.71,1.002,499.881,658.86
2025-04-05T03:10:00,58.706,1.005,5313.238,936.184
2025-04-05T03:15:00,63.406,1.003,330.417,1260.527
2025-04-05T03:20:00,62.377,0.997,315.136,1094.809
2025-04-05T03:25:00,54.962,0.956,1181.9,588.236
2025-04-05T03:30:00,46.368,1.004,953.454,663.913
2025-04-05T03:35:00,38.472,1.003,244.779,502.139
2025-04-05T03:40:00,39.536,1.006,158.323,418.516
2025-04-05T03:45:00,41.035,0.956,336.731,607.958
2025-04-05T03:50:00,39.052,0.941,782.97,439.859
2025-04-05T03:55:00,18.804,0.714,420.307,80.353
2025-04-05T04:05:00,27.096,0.955,635.579,144.175
2025-04-05T04:10:00,28.657,1.002,291.757,133.917
2025-04-05T04:15:00,37.503,0.892,1189.481,388.029
2025-04-05T04:20:00,26.916,0.986,1201.812,157.067
2025-04-05T04:25:00,51.198,0.942,1905.178,498.882
2025-04-05T04:30:00,54.469,0.925,1663.678,618.787
2025-04-05T04:35:00,39.215,0.945,1869.369,404.76
2025-04-05T04:40:00,51.786,0.968,1406.653,502.012
2025-04-05T04:45:00,34.948,0.992,770.038,323.976
2025-04-05T04:50:00,41.705,1.004,527.624,475.102
2025-04-05T04:55:00,38.136,1.003,574.847,497.431
2025-04-05T05:00:00,57.148,0.971,3817.168,919.061
2025-04-05T05:05:00,69.967,0.995,1960.009,1151.887
2025-04-05T05:10:00,70.593,1.004,662.862,1401.28
2025-04-05T05:15:00,66.361,0.99,3099.18,814.249
2025-04-05T05:20:00,45.9,0.997,474.322,611.843
2025-04-05T05:25:00,38.76,1.003,260.773,419.279
2025-04-05T05:30:00,38.267,1.003,369.327,332.506
2025-04-05T05:35:00,44.071,1.004,332.135,592.414
2025-04-05T05:40:00,44.256,1.004,421.428,558.484
2025-04-05T05:45:00,41.918,0.973,279.737,500.187
2025-04-05T05:50:00,63.015,1.003,706.781,980.808
2025-04-05T05:55:00,59.129,0.981,576.312,967.693
2025-04-05T06:00:00,46.564,1.001,1035.195,598.93
2025-04-05T06:05:00,46.323,1.003,334.627,523.037
2025-04-05T06:10:00,50.366,0.996,375.875,576.846
2025-04-05T06:15:00,48.642,0.985,1084.15,751.808
2025-04-05T06:20:00,43.525,1.003,934.339,457.647
2025-04-05T06:25:00,72.06,0.896,6168.881,1042.794
2025-04-05T06:30:00,56.106,0.998,2130.263,729.137
2025-04-05T06:35:00,64.378,0.928,2615.608,977.134
2025-04-05T06:40:00,54.249,0.922,3860.731,352.842
2025-04-05T06:45:00,29.803,0.957,1189.566,233.863
2025-04-05T06:50:00,39.139,0.974,3026.002,339.588
2025-04-05T06:55:00,67.749,0.944,2171.06,1032.813
2025-04-05T07:00:00,43.925,0.809,1263.941,442.812
2025-04-05T07:05:00,40.835,1.004,717.645,460.287
2025-04-30T02:45:00,40.19,0.976,1429.339,364.927
2025-04-30T02:50:00,44.035,1.003,886.351,453.98
2025-04-30T02:55:00,50.175,1.001,461.079,488.789
2025-04-30T03:00:00,43.049,1.003,411.42,411.78
2025-04-30T03:05:00,46.455,0.989,283.606,365.978
2025-04-30T03:10:00,49.795,0.944,863.907,417.292
2025-04-30T03:15:00,37.752,0.925,767.835,343.219
2025-04-30T03:20:00,57.262,0.879,2798.465,585.677
2025-04-30T03:25:00,40.669,1.005,472.36,433.467
2025-04-30T03:30:00,38.689,1.003,855.141,324.29
2025-04-30T03:35:00,47.524,0.998,570.492,422.364
2025-04-30T03:40:00,54.539,0.925,2260.03,447.781
2025-04-30T03:45:00,50.484,0.95,578.832,604.306
2025-04-30T03:50:00,41.426,0.98,897.224,322.962
2025-04-30T03:55:00,50.627,0.952,1301.928,507.865
2025-04-30T04:00:00,59.33,1.005,682.149,752.615
2025-04-30T04:05:00,43.31,0.986,202.338,352.442
2025-04-30T04:10:00,48.089,0.877,3190.998,467.501
2025-04-30T04:15:00,37.482,0.917,574.601,376.062
2025-04-30T04:20:00,48.355,0.87,2606.404,745.591
2025-04-30T04:25:00,47.424,0.833,1475.689,546.484
2025-04-30T04:30:00,58.427,0.701,1425.904,238.164
2025-04-30T04:35:00,56.617,0.783,1487.977,504.21
2025-04-30T04:40:00,55.53,0.814,1464.855,459.737
2025-04-30T04:50:00,74.189,0.706,7391.878,1040.579
2025-04-30T04:55:00,67.704,1.005,1370.593,1037.033
2025-04-30T05:00:00,60.822,1.002,426.321,943.259
2025-04-30T05:05:00,61.215,1.004,478.432,1069.569
2025-04-30T05:10:00,72.093,0.981,388.822,1698.026
2025-04-30T05:15:00,67.549,0.993,974.4,1041.093
2025-04-30T05:20:00,77.416,1.003,422.592,1490.87
2025-04-30T05:25:00,82.025,0.996,436.699,1680.316
2025-04-30T05:30:00,80.066,1.005,172.592,1530.086
2025-04-30T05:35:00,70.818,0.934,765.408,1249.961
2025-04-30T05:40:00,52.615,0.937,378.967,463.041
2025-04-30T05:45:00,51.781,1.005,729.646,665.808
2025-04-30T05:50:00,54.611,0.936,1320.075,548.773
2025-04-30T05:55:00,44.391,1.004,198.156,589.35
2025-04-30T06:00:00,45.244,1.002,370.544,512.282
2025-04-30T06:05:00,34.064,0.989,1384.278,285.116
2025-04-30T06:10:00,27.309,0.993,550.755,162.443
2025-04-30T06:15:00,36.957,0.987,750.645,401.033
2025-04-30T06:20:00,44.184,0.957,1150.955,465.204
2025-04-30T06:25:00,43.868,0.985,1271.96,464.551
2025-04-30T06:30:00,43.947,0.993,564.706,479.225
2025-04-30T06:35:00,38.251,0.997,1107.576,323.529
2025-04-30T06:40:00,27.353,0.961,774.589,136.841
2025-04-30T06:45:00,30.094,0.973,933.538,160.369
2025-04-30T06:50:00,29.594,1.005,1116.029,228.626
2025-04-30T06:55:00,59.515,0.803,2769.576,614.015
2025-04-30T07:00:00,49.065,0.798,2139.571,518.192
2025-04-30T23:35:00,36.245,0.757,492.307,256.298
2025-04-30T23:40:00,36.089,0.983,781.439,290.246
2025-04-30T23:45:00,36.961,0.992,366.339,352.961
2025-04-30T23:50:00,38.879,0.986,423.34,436.312
2025-04-30T23:55:00,36.476,1.001,121.826,315.019
2025-05-01T00:00:00,39.471,0.974,255.95,377.32
2025-05-01T00:05:00,41.876,0.995,353.156,410.861
2025-05-01T00:10:00,48.275,0.992,358.606,551.707
2025-05-01T00:15:00,50.453,0.995,327.028,709.246
2025-05-01T00:20:00,49.221,0.986,446.091,528.182
2025-05-01T00:25:00,53.116,0.942,1090.94,562.46
2025-05-01T00:30:00,82.248,0.901,2255.579,1395.618
2025-05-01T00:35:00,68.834,0.981,672.663,1008.279
2025-05-01T00:40:00,61.514,1.003,215.337,672.917
2025-05-01T00:45:00,78.686,1.004,1209.346,1456.604
2025-05-01T00:50:00,34.263,0.989,596.934,326.201
2025-05-01T00:55:00,45.717,0.969,638.401,455.042
2025-05-01T01:00:00,72.891,0.957,1409.012,957.433
2025-05-01T01:05:00,60.985,1.004,917.487,924.448
2025-05-01T01:10:00,81.228,1.001,1491.8,1702.772
2025-05-01T01:15:00,80.667,0.977,922.078,1311.751
2025-05-01T01:20:00,70.427,0.995,361.509,1272.783
2025-05-01T01:25:00,83.185,0.984,369.322,1539.971
2025-05-01T01:30:00,84.327,1.002,345.358,1412.533
2025-05-01T01:55:00,59.12,1.002,370.292,750.635
2025-05-01T02:00:00,61.591,1.005,243.655,885.277
2025-05-01T02:05:00,65.075,1.005,390.64,933.971
2025-05-01T02:10:00,67.874,1.002,854.183,1052.936
2025-05-01T02:15:00,64.113,1.003,443.369,1109.1
2025-05-01T02:20:00,64.907,0.998,666.296,917.171
2025-05-01T02:25:00,65.641,0.993,1320.366,984.329
2025-05-01T02:30:00,59.703,1.006,322.592,805.464
2025-05-01T02:35:00,64.833,1.001,598.728,1088.769
2025-05-01T02:40:00,66.193,0.994,1751.419,900.917
2025-05-01T02:45:00,71.932,1.002,1781.049,806.846
2025-05-01T02:50:00,76.126,0.944,5325.811,990.422
2025-05-01T02:55:00,68.246,0.939,4214.195,1030.178
2025-05-01T03:00:00,36.859,0.939,229.877,229.337
2025-05-01T03:05:00,58.903,0.945,905.187,503.808
2025-05-01T03:10:00,84.521,0.928,4301.46,1450.779
2025-05-01T03:15:00,97.36,0.913,3468.236,2307.775
2025-05-01T03:20:00,79.379,0.966,1180.265,1208.89
2025-05-01T03:25:00,67.882,0.967,8169.585,746.713
2025-05-01T03:30:00,68.53,0.921,1010.942,1121.211
2025-05-01T03:35:00,88.551,0.993,750.445,2406.835
2025-05-01T03:40:00,105.3,0.996,609.769,2897.782
2025-05-01T03:45:00,62.014,0.955,526.184,753.287
2025-05-01T03:50:00,62.353,1.005,350.674,825.094
2025-05-01T03:55:00,70.281,0.991,797.127,999.628
2025-05-01T04:00:00,68.671,0.987,1409.419,799.4
2025-05-01T04:05:00,64.345,1.003,876.277,852.442
2025-05-01T04:10:00,70.618,0.989,2585.234,837.401
2025-05-01T04:15:00,67.98,1.005,2532.243,834.544
2025-05-01T04:20:00,71.049,0.854,2836.538,713.065
2025-05-01T04:25:00,62.705,0.985,464.915,864.432
2025-05-01T04:30:00,58.806,1.006,268.677,651.55
2025-05-01T04:35:00,58.838,1.002,254.455,648.302
2025-05-01T04:40:00,59.621,0.993,404.549,787.1
2025-05-01T04:45:00,65.988,1.005,1195.835,809.981
2025-05-01T04:50:00,65.594,1.002,243.811,784.384
2025-05-01T05:05:00,69.65,0.929,4358.824,784.506
2025-05-01T05:10:00,55.371,0.859,5670.566,456.566
2025-05-01T05:15:00,83.723,0.906,5895.755,1596.52
2025-05-01T05:20:00,85.451,0.923,4934.902,1334.208
2025-05-01T05:25:00,101.607,0.938,5283.323,1959.411
2025-05-01T05:30:00,89.037,0.901,1607.1,1015.458
2025-05-01T05:35:00,76.538,0.963,6857.66,750.576
2025-05-01T05:40:00,68.155,0.888,1929.515,888.135
2025-05-01T05:45:00,75.94,0.953,2914.612,887.381
2025-05-01T05:50:00,89.7,0.901,3731.04,1168.664
2025-05-01T05:55:00,67.793,0.924,1850.015,786.636
2025-05-01T06:00:00,81.933,0.858,6347.401,1564.924
2025-05-01T06:05:00,57.758,0.971,1071.16,596.25
2025-05-01T06:10:00,50.428,1.004,283.669,459.908
2025-05-01T06:15:00,48.223,0.946,2463.51,465.62
2025-05-01T06:25:00,65.202,0.994,2193.265,610.199
2025-05-01T06:30:00,51.036,0.864,3252.751,335.589
2025-05-02T03:25:00,46.572,0.809,623.355,302.187
2025-05-02T03:30:00,55.049,0.888,680.217,455.96
2025-05-02T03:35:00,36.202,0.928,156.085,322.633
2025-05-02T03:40:00,35.359,0.993,240.513,293.87
2025-05-02T03:45:00,31.64,1.002,279.159,244.591
2025-05-02T03:50:00,31.714,0.997,100.995,295.174
2025-05-02T03:55:00,30.058,0.985,178.771,206.917
2025-05-02T04:00:00,30.889,0.994,124.679,244.39
2025-05-02T04:05:00,34.673,1.002,171.882,317.855
2025-05-02T04:10:00,25.915,0.993,658.955,165.672
2025-05-02T04:15:00,21.052,0.943,375.449,99.999
2025-05-02T04:20:00,42.251,0.946,2154.375,441.261
2025-05-02T04:25:00,33.894,0.902,1272.518,191.03
2025-05-02T04:30:00,23.13,1.004,618.949,136.157
2025-05-02T04:35:00,24.658,1.004,76.094,181.306
2025-05-02T04:40:00,24.306,0.987,81.002,152.948
2025-05-02T04:45:00,25.267,0.997,115.651,183.224
2025-05-02T04:50:00,26.444,1.003,507.823,193.147
2025-05-02T04:55:00,27.389,0.996,387.363,219.46
2025-05-02T05:00:00,26.717,0.995,232.186,177.019
2025-05-02T05:05:00,20.67,1.003,269.262,96.443
2025-05-02T05:10:00,17.487,0.989,578.423,105.431
2025-05-02T05:15:00,26.777,0.909,662.188,215.452
2025-05-02T05:20:00,26.68,1.004,460.136,126.828
2025-05-02T05:25:00,22.408,0.981,471.489,131.363
2025-05-02T05:35:00,27.223,1.003,656.806,193.424
2025-05-02T05:40:00,29.295,0.951,600.575,242.958
2025-05-02T05:45:00,31.54,0.961,865.513,356.008
2025-05-02T05:50:00,25.81,1.002,176.243,181.4
2025-05-02T05:55:00,25.299,0.99,247.533,204.578
2025-05-02T06:00:00,29.006,0.99,411.797,278.436
2025-05-02T06:05:00,31.593,0.792,241.837,304.086
2025-05-02T06:10:00,46.285,0.757,1132.901,503.999
2025-05-02T06:15:00,43.57,0.8,943.613,481.18
2025-05-02T06:20:00,36.477,0.81,1887.53,353.911
2025-05-02T06:25:00,30.043,1.003,387.31,189.313
2025-05-02T06:30:00,34.032,0.919,1059.668,245.752
2025-05-02T06:35:00,27.28,0.875,540.511,178.691
2025-05-02T06:40:00,35.676,0.993,1614.006,371.38
2025-05-02T06:45:00,35.61,0.734,773.268,143.864
2025-05-02T06:50:00,35.281,0.985,1116.241,350.776
2025-05-02T06:55:00,30.602,0.959,601.21,315.916
2025-05-02T07:00:00,31.117,1.003,660.846,269.238
2025-05-02T07:05:00,34.795,0.886,2752.65,402.016
2025-05-02T07:10:00,56.688,0.955,2008.483,820.363
2025-05-02T07:15:00,38.11,0.713,1465.498,254.081
2025-05-02T07:20:00,23.777,0.824,1286.658,147.09
2025-05-06T00:55:00,36.026,0.941,278.954,338.485
2025-05-06T01:00:00,38.273,1.003,208.971,488.758
2025-05-06T01:05:00,36.672,1.004,326.41,387.475
2025-05-06T01:10:00,49.898,0.942,385.007,648.303
2025-05-06T01:15:00,51.32,1.001,252.093,580.719
2025-05-06T01:20:00,56.647,1.004,197.218,782.733
2025-05-06T01:25:00,55.783,1.005,289.829,662.48
2025-05-06T01:30:00,63.999,1.004,313.453,908.161
2025-05-06T01:35:00,55.536,1.004,198.562,771.416
2025-05-06T01:40:00,50.815,0.962,584.724,537.031
2025-05-06T01:45:00,63.154,0.965,5503.218,1526.934
2025-05-06T01:50:00,59.835,1.002,437.003,844.823
2025-05-06T01:55:00,62.428,1.004,146.625,977.743
2025-05-06T02:00:00,70.098,1.002,147.311,1283.926
2025-05-06T02:05:00,85.45,0.824,5628.218,1687.304
2025-05-06T02:10:00,41.494,0.995,361.116,438.747
2025-05-06T02:15:00,23.527,1.003,278.627,113.424
2025-05-06T02:20:00,44.497,0.958,1351.593,415.792
2025-05-06T02:25:00,57.132,0.963,751.196,641.419
2025-05-06T02:30:00,55.226,0.956,499.713,768.841
2025-05-06T02:35:00,52.977,1.004,177.151,726.934
2025-05-06T02:40:00,52.908,0.983,913.983,578.758
2025-05-06T02:45:00,55.125,1.004,124.702,670.817
2025-05-06T02:50:00,60.325,1.001,645.736,861.837
2025-05-06T02:55:00,56.849,0.998,259.748,738.391
2025-05-06T03:00:00,63.525,0.93,7550.949,768.033
2025-05-06T03:05:00,51.717,1.004,343.034,506.102
2025-05-06T03:10:00,56.436,0.998,370.459,643.665
2025-05-06T03:15:00,50.305,0.976,488.301,473.137
2025-05-06T03:25:00,67.334,0.769,1410.705,648.452
2025-05-06T03:30:00,67.651,0.918,1309.333,853.738
2025-05-06T03:40:00,35.358,0.809,707.018,365.491
2025-05-06T03:45:00,37.665,0.915,2557.957,665.407
2025-05-06T03:50:00,70.913,0.804,2603.401,624.497
2025-05-06T03:55:00,49.129,0.987,783.917,468.481
2025-05-06T04:00:00,41.594,0.953,1338.519,406.028
2025-05-06T04:05:00,43.408,1.003,349.572,414.248
2025-05-06T04:10:00,56.377,1.002,444.658,811.398
2025-05-06T04:15:00,49.773,0.822,2272.948,385.491
2025-05-06T04:20:00,44.729,1.004,262.567,436.248
2025-05-06T04:25:00,45.458,0.999,374.998,458.565
2025-05-06T04:30:00,48.534,0.989,381.238,546.171
2025-05-06T04:35:00,56.015,0.977,532.199,614.773
2025-05-06T04:40:00,55.163,1.003,687.912,649.893
2025-05-06T04:45:00,54.872,0.944,773.238,581.707
2025-05-06T04:50:00,53.079,0.947,1179.438,629.575
2025-05-06T04:55:00,52.869,0.871,1401.748,435.938
2025-05-06T05:00:00,46.341,1.002,1145.747,435.852
2025-05-06T05:05:00,46.967,1.005,1521.003,546.985
2025-05-06T05:10:00,53.45,0.839,2607.425,534.156
2025-05-06T05:15:00,47.666,0.717,1928.376,473.421
2025-06-03T00:55:00,30.918,0.706,259.23,151.626
2025-06-03T01:00:00,33.646,0.921,213.477,296.022
2025-06-03T01:05:00,33.326,0.993,179.807,273.093
2025-06-03T01:10:00,37.208,0.929,309.714,342.949
2025-06-03T01:15:00,35.306,1.003,274.86,297.677
2025-06-03T01:20:00,42.025,0.991,893.256,475.786
2025-06-03T01:25:00,44.916,0.99,471.384,444.328
2025-06-03T01:30:00,51.261,0.988,398.527,624.499
2025-06-03T01:35:00,53.805,0.996,262.12,846.808
2025-06-03T01:40:00,44.195,0.991,1357.183,381.813
2025-06-03T01:45:00,41.94,0.979,273.816,318.566
2025-06-03T01:50:00,45.409,0.948,1967.514,389.436
2025-06-03T01:55:00,53.822,1.002,247.791,565.608
2025-06-03T02:00:00,55.856,1.005,734.327,907.904
2025-06-03T02:05:00,51.122,0.99,485.768,559.237
2025-06-03T02:10:00,53.933,1.004,233.179,762.156
2025-06-03T02:15:00,58.26,1,300.976,987.834
2025-06-03T02:20:00,51.956,1.006,549.571,846.149
2025-06-03T02:25:00,35.266,1.002,614.536,295.606
2025-06-03T02:30:00,39.264,0.941,1055.576,367.898
2025-06-03T02:35:00,38.601,0.961,573.033,363.051
2025-06-03T02:40:00,32.084,0.961,510.534,234.933
2025-06-03T02:45:00,30.519,1.002,287.883,201.811
2025-06-03T02:50:00,32.379,1.005,198.982,232.375
2025-06-03T02:55:00,36.403,1,92.289,314.503
2025-06-03T03:00:00,39.441,1.007,112.201,369.078
2025-06-03T03:05:00,45.668,0.989,1414.567,533.042
2025-06-03T03:10:00,45.831,1.003,91.798,447.26
2025-06-03T03:15:00,64.588,0.996,648.988,987.758
2025-06-03T03:20:00,62.939,0.959,516.874,1104.827
2025-06-03T03:25:00,42.511,0.956,290.411,339.919
2025-06-03T03:30:00,41.342,1.004,248.355,435.899
2025-06-03T03:35:00,50.171,0.999,992.909,641.506
2025-06-03T03:40:00,46.585,1.001,642.135,586.363
2025-06-03T03:45:00,59.109,0.946,1645.854,783.987
2025-06-03T03:50:00,53.459,0.978,3050.741,559.739
2025-06-03T03:55:00,48.031,1.004,125.035,542.146
2025-06-03T04:00:00,47.017,0.996,676.898,576.94
2025-06-03T04:05:00,44.785,0.934,374.897,406.237
2025-06-03T04:10:00,54.919,0.962,1788.883,732.645
2025-06-03T04:15:00,46.809,0.984,1052.58,540.712
2025-06-03T04:20:00,49.518,0.888,1170.14,466.782
2025-06-03T04:25:00,38.955,0.95,1335.221,264.251
2025-06-03T04:30:00,50.186,0.878,1065.673,404.553
2025-06-03T04:35:00,38.619,0.975,851.009,407.802
2025-06-03T04:40:00,43.411,0.929,867.172,418.173
2025-06-03T04:45:00,39.833,0.9,1531.537,392.84
2025-06-03T04:50:00,39.354,0.994,598.836,400.681
2025-06-03T04:55:00,42.656,0.956,674.78,416.541
2025-06-03T05:00:00,34.519,1.005,230.061,311.817
2025-06-03T05:05:00,35.747,1.003,193.288,263.988
2025-06-03T05:10:00,60.222,0.978,651.189,931.395
2025-06-03T05:15:00,63.149,0.974,639.804,932.563
2025-06-03T05:20:00,58.45,0.999,310.156,1046.937
2025-06-03T05:25:00,61.737,0.848,1053.117,547.281
2025-06-03T05:30:00,52.931,0.997,689.802,719.351
2025-06-03T05:35:00,50.378,0.989,340.315,630.655
2025-06-03T05:40:00,55.47,0.989,563.834,805.363
2025-06-03T05:45:00,55.598,0.908,366.403,478.312
2025-06-03T05:50:00,47.279,0.893,3829.773,643.738
2025-06-03T05:55:00,44.409,0.959,870.094,536.851
2025-06-03T06:00:00,52.214,0.96,1410.199,840.897
2025-06-03T06:05:00,44.17,0.984,863.56,388.037
2025-06-03T06:10:00,57.036,0.998,474.049,771.954
2025-06-03T06:15:00,53.904,1.002,1114.542,652.111
2025-06-03T06:20:00,51.817,1.005,645.818,671.034
2025-06-03T06:25:00,47.095,0.969,552.852,467.25
2025-06-03T06:40:00,45.574,0.827,1545.238,500.64
2025-06-03T06:45:00,30.533,0.781,309.994,232.936
2025-06-04T01:15:00,27.09,0.924,1125.623,161.322
2025-06-04T01:20:00,27.704,0.923,141.78,151.292
2025-06-04T01:25:00,31.316,1.001,193.173,277.756
2025-06-04T01:30:00,29.996,1.006,222.576,245.196
2025-06-04T01:35:00,38.129,1,185.748,406.113
2025-06-04T01:40:00,33.551,0.959,214.371,297.484
2025-06-04T01:45:00,28.993,1.003,140.72,218.042
2025-06-04T01:50:00,32.051,1.004,192.104,286.151
2025-06-04T01:55:00,33.355,1.002,271.082,314.84
2025-06-04T02:00:00,37.191,0.982,616.216,402.198
2025-06-04T02:05:00,35.438,1.001,219.055,308.929
2025-06-04T02:10:00,35.041,1.003,267.184,228.78
2025-06-04T02:15:00,48.636,0.948,1995.599,602.33
2025-06-04T02:20:00,43.317,1.003,389.875,425.338
2025-06-04T02:25:00,45.106,1.003,246.41,504.917
2025-06-04T02:30:00,46.145,1.002,951.159,442.662
2025-06-04T02:35:00,46.901,1.004,368.394,444.213
2025-06-04T02:40:00,43.204,1.004,690.153,439.786
2025-06-04T02:45:00,43.918,0.979,489.344,395.408
2025-06-04T02:50:00,55.478,0.963,4065.929,479.649
2025-06-04T02:55:00,18.247,0.964,325.997,60.008
2025-06-04T03:00:00,17.861,0.992,123.16,56.663
2025-06-04T03:05:00,35.869,0.896,723.029,407.281
2025-06-04T03:10:00,46.814,1.003,829.878,652.557
2025-06-04T03:15:00,64.102,1.003,674.26,952.838
2025-06-04T03:20:00,63.858,1.004,308.429,1085.632
2025-06-04T03:25:00,54.874,0.941,1857.08,592.222
2025-06-04T03:30:00,54.349,0.974,183.386,742.473
2025-06-04T03:35:00,49.141,1.006,248.65,605.899
2025-06-04T03:40:00,49.718,1.004,1066.781,478.941
2025-06-04T03:45:00,47.202,1.001,784.557,491.985
2025-06-04T03:50:00,38.688,1.004,142.05,344.283
2025-06-04T03:55:00,44.031,0.989,1770.209,401.185
2025-06-04T04:00:00,48.751,0.933,2291.456,433.034
2025-06-04T04:05:00,49.813,0.995,1246.932,633.42
2025-06-04T04:10:00,46.79,0.959,566.906,554.238
2025-06-04T04:15:00,44.264,0.925,840.73,312.051
2025-06-04T04:20:00,43.413,0.93,461.355,347.505
2025-06-04T04:25:00,68.82,0.868,5388.241,1160.766
2025-06-04T04:30:00,24.714,0.999,545.318,95.432
2025-06-04T04:35:00,57.733,0.906,1393.862,701.243
2025-06-04T04:40:00,40.532,0.988,447.268,278.057
2025-06-04T04:45:00,40.689,0.786,448.775,372.241
2025-06-04T04:55:00,35.892,0.814,1846.254,265.925
2025-06-04T05:00:00,27.147,1.004,202.176,212.199
2025-06-04T05:05:00,27.918,1.004,151.276,182.409
2025-06-04T05:10:00,29.723,1.003,270.612,241.456
2025-06-04T05:15:00,29.898,1.003,103.746,207.489
2025-06-04T05:20:00,30.048,0.995,377.681,197.452
2025-06-04T05:25:00,40.194,0.941,994.151,418.578
2025-06-04T05:30:00,36.416,0.989,1209.706,281.298
2025-06-04T05:35:00,36.144,1.006,396.885,345.784
2025-06-04T05:40:00,38.231,0.97,620.964,338.926
2025-06-04T05:45:00,49.859,0.946,2275.273,501.544
2025-06-04T05:50:00,42.105,0.848,3853.204,308.466
2025-06-04T05:55:00,33.974,0.766,2698.191,498.554
2025-06-04T06:00:00,22.226,0.987,254.766,68.546
2025-06-04T06:10:00,33.904,0.862,2044.331,149.344
2025-06-04T06:15:00,33.61,0.839,874.397,249.532
2025-06-04T06:20:00,22.467,0.903,340.758,80.708
2025-06-04T06:25:00,46.854,0.925,957.407,412.921
2025-06-04T06:30:00,38.591,0.873,1375.886,270.373
2025-06-04T06:35:00,33.623,0.767,338.75,61.385
2025-06-04T06:40:00,38.187,0.768,884.6,274.149
2025-06-04T06:45:00,50.971,0.993,1857.668,676.154
2025-06-04T06:50:00,46.817,0.959,537.032,460.014
2025-06-04T06:55:00,46.17,0.969,1291.032,504.582
2025-06-04T07:00:00,44.006,0.97,651.974,537.872
2025-06-04T07:05:00,39.569,0.941,574.947,360.085
2025-06-04T07:10:00,40.012,0.942,864.37,264.873
2025-06-04T07:15:00,37.453,0.701,570.015,166.802
2025-06-04T07:20:00,46.45,0.937,310.371,574.6
2025-06-04T07:25:00,43.699,0.985,1801.413,464.562
2025-06-04T07:30:00,37.153,0.862,1152.804,334.778
2025-06-04T07:35:00,59.847,0.872,3270.961,496.375
2025-06-04T07:40:00,57.72,0.988,1629.696,724.375
2025-06-04T07:45:00,47.838,1.002,825.403,497.942
2025-06-04T07:50:00,45.111,1.004,709.589,435.282
2025-06-04T07:55:00,51.972,1.003,514.014,616.055
2025-06-04T08:00:00,45.463,1.003,498.836,591.832
2025-06-04T08:05:00,46.93,0.993,452.259,570.703
2025-06-04T08:10:00,47.833,0.945,258.599,390.989
2025-06-04T08:15:00,52.587,0.912,2534.625,570.766
2025-06-04T08:20:00,30.349,0.955,233.741,86.208
2025-06-04T08:25:00,57.35,0.891,3867.493,719.21
2025-06-05T01:25:00,44.173,0.788,143.968,241.47
2025-06-05T01:30:00,40.005,0.965,589.643,413.691
2025-06-05T01:35:00,46.447,0.896,371.837,458.496
2025-06-05T01:40:00,45.358,0.941,226.263,429.594
2025-06-05T01:45:00,40.788,0.992,411.805,445.595
2025-06-05T01:50:00,44.926,1.006,184.683,539.015
2025-06-05T01:55:00,47.169,0.995,505.359,601.616
2025-06-05T02:00:00,54.362,0.966,395.995,547.693
2025-06-05T02:05:00,45.136,1.003,159.736,413.77
2025-06-05T02:10:00,48.765,0.994,215.356,414.869
2025-06-05T02:15:00,54.479,0.969,194.673,641.238
2025-06-05T02:20:00,54.508,0.998,646.555,583.26
2025-06-05T02:25:00,52.483,1.004,465.701,617.202
2025-06-05T02:30:00,59.805,0.987,856.788,914.531
2025-06-05T02:35:00,60.271,0.968,740.394,751.034
2025-06-05T02:40:00,48.065,1.003,591.408,417.838
2025-06-05T02:45:00,46.014,1.003,609.742,390.343
2025-06-05T02:50:00,53.441,1.006,948.522,588.548
2025-06-05T02:55:00,57.358,1.002,823.342,847.453
2025-06-05T03:00:00,41.961,0.997,207.228,361.806
2025-06-05T03:05:00,42.412,1.001,262.371,368.742
2025-06-05T03:10:00,56.168,0.992,893.035,643.597
2025-06-05T03:15:00,48.598,0.981,7793.369,1008.449
2025-06-05T03:20:00,44.106,0.939,2614.41,493.288
2025-06-05T03:25:00,33.73,1.003,257.161,321.312
2025-06-05T03:30:00,17.803,1.003,388.174,65.858
2025-06-05T03:35:00,32.207,0.846,2487.51,307.004
2025-06-05T03:40:00,60.649,0.827,2199.131,716.401
2025-06-05T03:45:00,50.682,0.94,2211.118,479.429
2025-06-05T03:50:00,63.156,1.005,559.131,993.366
2025-06-05T03:55:00,60.987,0.964,584.1,707.232
2025-06-05T04:15:00,46.821,0.943,2565.539,425.826
2025-06-05T04:20:00,45.137,0.897,327.914,483.29
2025-06-05T04:25:00,53.373,0.958,712.88,510.066
2025-06-05T04:30:00,48.764,1.006,265.566,469.861
2025-06-05T04:35:00,52.48,1.003,453.441,520.732
2025-06-05T04:40:00,75.175,0.997,472.162,1332.006
2025-06-05T04:45:00,68.075,0.98,1304.773,1201.498
2025-06-05T04:50:00,57.969,0.998,250.456,818.919
2025-06-05T04:55:00,68.404,0.963,2782.554,1147.488
2025-06-05T05:00:00,43.481,0.847,1827.013,344.033
2025-06-05T05:05:00,35.8,0.997,764.675,299.565
2025-06-05T05:10:00,33.212,1.003,343.784,207.106
2025-06-05T05:15:00,25.094,0.988,512.919,171.28
2025-06-05T05:20:00,50.584,0.829,4338.604,595.704
2025-06-05T05:25:00,42.748,1.004,305.915,509.174
2025-06-05T05:30:00,64.674,0.906,1268.796,803.371
2025-06-05T05:35:00,52.139,0.975,1027.499,698.218
2025-06-05T05:40:00,42.589,0.926,179.158,520.536
2025-06-05T05:45:00,53.313,0.914,1042.374,396.687
2025-06-05T05:50:00,56.009,0.94,1881.044,468.448
2025-06-05T05:55:00,45.907,0.999,906.906,442.914
2025-06-05T06:00:00,53.815,1.002,214.95,616.841
2025-06-05T06:05:00,56.988,1.004,594.106,690.73
2025-06-05T06:10:00,56.896,0.843,3565.646,514.415
2025-06-05T06:15:00,66.58,0.956,5084.559,988.129
2025-06-05T06:20:00,59.038,1.003,329.794,880.599
